<?xml version="1.0" encoding="UTF-8"?>
<project-private xmlns="http://www.netbeans.org/ns/project-private/1">
    <editor-bookmarks xmlns="http://www.netbeans.org/ns/editor-bookmarks/2" lastBookmarkId="1">
        <file>
            <url>src/java/controller/Users.java</url>
            <bookmark id="1">
                <name/>
                <line>48</line>
                <key/>
            </bookmark>
        </file>
    </editor-bookmarks>
    <open-files xmlns="http://www.netbeans.org/ns/projectui-open-files/2">
        <group>
            <file>file:/F:/Code%20Sublime/NIJ-IT/java%20web/jdbcdemo/src/java/controller/ConnectDB.java</file>
        </group>
    </open-files>
</project-private>
